Target,Assay,Conc,1,2,3,4,5,6,7,8,9,10,11,12,13,14,15,16,17,18,19,20,21,22,23,24,25,26,27,28,29,30,31,32,33,34,35,36,37,38,39,40,41,42,43,44,45
IMP-1,CPE_5_plex,10,0.0501808,0.0508398,0.0512791,0.0518795,0.0522955,0.0525178,0.0526117,0.0529638,0.0530619,0.0531182,0.0533524,0.0533678,0.0536393,0.0535351,0.0535671,0.0536719,0.0538821,0.0537811,0.0539969,0.0541379,0.0544224,0.0546567,0.0547047,0.0546011,0.0548302,0.0549233,0.0553821,0.0554168,0.0553636,0.0557319,0.0558136,0.0560377,0.0560474,0.0560855,0.0565356,0.0566378,0.0568894,0.0567736,0.0573505,0.057393,0.0575774,0.0575916,0.057819,0.0578562,0.0579737
IMP-1,CPE_5_plex,10,0.0604545,0.0611113,0.0616782,0.0620761,0.0625729,0.0630957,0.0633036,0.0633506,0.0636024,0.0638344,0.0638364,0.0639391,0.064133,0.064305,0.0644545,0.0644127,0.0644458,0.0647552,0.0648606,0.0648087,0.0650826,0.0651136,0.0652324,0.0653219,0.0654681,0.0655842,0.0657812,0.0656867,0.0659698,0.0661852,0.0662002,0.0664021,0.0664411,0.066691,0.0668333,0.0669617,0.0672815,0.0671496,0.0673774,0.067717,0.0678904,0.0681393,0.0682626,0.0683699,0.0684066
IMP-1,CPE_5_plex,100,0.0531662,0.0540343,0.0545785,0.054939,0.0553079,0.0554414,0.0555777,0.0557303,0.0559797,0.0559721,0.0561925,0.0562567,0.056411,0.0565579,0.0568046,0.0566044,0.0568179,0.0571763,0.0570713,0.0571615,0.0573037,0.0572769,0.0575666,0.0577543,0.0578346,0.0579389,0.0581165,0.0586523,0.0594289,0.0608293,0.0633642,0.067466,0.0753872,0.0880782,0.107103,0.132092,0.160483,0.189807,0.218791,0.245714,0.270715,0.294326,0.314908,0.334024,0.350388
IMP-1,CPE_5_plex,100,0.0498085,0.0506913,0.0512038,0.0515043,0.0517998,0.0520207,0.052154,0.0523393,0.0524838,0.0525545,0.0527739,0.0527616,0.053039,0.0531479,0.0531516,0.0530435,0.0532233,0.0534048,0.053476,0.0536103,0.0536862,0.0537379,0.053721,0.0539027,0.0540208,0.0543751,0.0546851,0.0549913,0.0560044,0.0577209,0.0606446,0.0662082,0.0751317,0.0893977,0.110091,0.134735,0.16142,0.187882,0.213932,0.238129,0.260518,0.281042,0.29939,0.316081,0.330777
IMP-1,CPE_5_plex,1000,0.047807,0.0488379,0.0493596,0.049743,0.0500381,0.0502992,0.0503886,0.0504856,0.0505864,0.0505854,0.0509216,0.0509105,0.0508737,0.0510146,0.0511685,0.0514323,0.0513791,0.0514309,0.05157,0.051685,0.0518045,0.0519657,0.0521744,0.0525615,0.0528629,0.0536006,0.0546832,0.0561572,0.0594962,0.0650513,0.0738432,0.0885583,0.107866,0.130665,0.155214,0.179887,0.204147,0.22752,0.248889,0.268904,0.287608,0.304195,0.319381,0.33381,0.34621
IMP-1,CPE_5_plex,1000,0.0558272,0.0571931,0.0579463,0.0584621,0.0588772,0.0591264,0.0594428,0.059605,0.0598211,0.060036,0.0601304,0.0601029,0.0603305,0.0604089,0.0606945,0.0606433,0.0608458,0.0610575,0.0609906,0.0611009,0.0613923,0.0614494,0.061634,0.0621355,0.063021,0.0642369,0.0664264,0.0703243,0.0771297,0.0885221,0.106009,0.128994,0.155314,0.182757,0.209666,0.235835,0.259712,0.282081,0.301832,0.32031,0.336585,0.351662,0.36479,0.37707,0.387474
IMP-1,CPE_5_plex,10000,0.0449108,0.0462788,0.0466501,0.0471971,0.0472336,0.0477077,0.0477483,0.0478798,0.0481496,0.0481782,0.0484464,0.0482447,0.0484425,0.0486441,0.048684,0.0487661,0.0488186,0.0489826,0.0489722,0.0494963,0.0500775,0.0505758,0.0522582,0.0546466,0.0591502,0.0668486,0.0795821,0.0993264,0.125008,0.153447,0.183496,0.211895,0.23937,0.264476,0.287302,0.307884,0.326415,0.343202,0.35791,0.371281,0.382725,0.393338,0.402174,0.410394,0.41739
IMP-1,CPE_5_plex,10000,0.0458387,0.0471938,0.0476341,0.0479411,0.0483645,0.0484456,0.048646,0.048948,0.0491413,0.0491714,0.0494117,0.0493726,0.0494956,0.0496738,0.0497855,0.049953,0.050132,0.05035,0.0504009,0.0506485,0.0515176,0.0523099,0.0542311,0.0573001,0.063089,0.0726741,0.0878071,0.109004,0.134402,0.161241,0.188093,0.214499,0.239204,0.261733,0.282613,0.301643,0.318793,0.334297,0.348341,0.360789,0.372059,0.382196,0.391322,0.399449,0.406641
IMP-1,CPE_5_plex,100000,0.0437625,0.0449534,0.0454719,0.0460162,0.0460861,0.0463682,0.046549,0.0466139,0.0469215,0.0469785,0.0469589,0.0471476,0.04733,0.0473474,0.0476115,0.047968,0.0482516,0.0486723,0.0496689,0.0509498,0.0539951,0.0592756,0.0684323,0.0831393,0.104214,0.131032,0.159485,0.188552,0.216321,0.243008,0.267059,0.288886,0.308666,0.325964,0.342264,0.356574,0.369075,0.380521,0.390521,0.39947,0.407382,0.414018,0.420509,0.425266,0.429893
IMP-1,CPE_5_plex,100000,0.0460304,0.0473479,0.0478308,0.0483554,0.048724,0.0490103,0.0490712,0.0494182,0.049551,0.0498383,0.0498747,0.0500717,0.0501056,0.0502829,0.0505545,0.0510255,0.0512191,0.0520068,0.0528613,0.054696,0.0584112,0.0644793,0.0749918,0.0917844,0.114919,0.143132,0.173412,0.203455,0.232312,0.259318,0.284307,0.306424,0.326772,0.344652,0.361158,0.376041,0.38903,0.400685,0.411561,0.420393,0.428596,0.435584,0.442347,0.448007,0.453067
IMP-1,CPE_5_plex,1000000,0.043184,0.0441987,0.0445747,0.0447921,0.0452591,0.0452866,0.0454411,0.0458737,0.0459504,0.0461025,0.0462954,0.0464771,0.046979,0.0474414,0.0483701,0.0504926,0.0540439,0.0601109,0.0707563,0.0878748,0.111842,0.140254,0.170825,0.200943,0.229738,0.256481,0.28125,0.302573,0.322859,0.341182,0.356873,0.371036,0.383622,0.395159,0.405431,0.414022,0.422289,0.429518,0.435302,0.440484,0.445454,0.449727,0.453937,0.456791,0.459417
IMP-1,CPE_5_plex,1000000,0.0457011,0.0471649,0.0478712,0.0483171,0.048913,0.0490905,0.0492764,0.0495875,0.0498632,0.0497689,0.0500292,0.0504318,0.0509105,0.0514301,0.0527716,0.0548554,0.058659,0.0656793,0.0773302,0.095759,0.120902,0.150356,0.181111,0.211168,0.240084,0.26722,0.292246,0.314342,0.334778,0.353632,0.370873,0.388164,0.409334,0.419757,0.422194,0.432696,0.440546,0.447803,0.454778,0.46065,0.465687,0.470134,0.474819,0.477949,0.48039
IMP-1,CPE_5_plex,10000000,0.0429936,0.0440125,0.0446814,0.0451794,0.0455613,0.0459688,0.0462346,0.0466151,0.0469978,0.0475268,0.0481685,0.0496984,0.0522132,0.056854,0.0647073,0.0777358,0.0971466,0.12215,0.150155,0.178695,0.207188,0.233611,0.258545,0.281053,0.301784,0.31982,0.336827,0.35209,0.365136,0.377409,0.388235,0.398213,0.406652,0.414438,0.421083,0.427405,0.433242,0.438097,0.442278,0.445947,0.449432,0.45291,0.455776,0.458111,0.459916
IMP-1,CPE_5_plex,10000000,0.0429936,0.0440125,0.0446814,0.0451794,0.0455613,0.0459688,0.0462346,0.0466151,0.0469978,0.0475268,0.0481685,0.0496984,0.0522132,0.056854,0.0647073,0.0777358,0.0971466,0.12215,0.150155,0.178695,0.207188,0.233611,0.258545,0.281053,0.301784,0.31982,0.336827,0.35209,0.365136,0.377409,0.388235,0.398213,0.406652,0.414438,0.421083,0.427405,0.433242,0.438097,0.442278,0.445947,0.449432,0.45291,0.455776,0.458111,0.459916
KPC-1,CPE_5_plex,10,0.0518002,0.0526748,0.0531593,0.0532437,0.0535016,0.0536277,0.0536112,0.0538368,0.0541438,0.0541007,0.054242,0.0542219,0.0543334,0.054417,0.0542449,0.054623,0.054654,0.0546922,0.0548916,0.0548308,0.0551503,0.0550535,0.0551424,0.0553887,0.0556163,0.0558208,0.0561971,0.0565211,0.0571538,0.0583845,0.0604567,0.064324,0.0713678,0.0844494,0.10729,0.143768,0.192511,0.244871,0.293257,0.33483,0.370418,0.40039,0.426157,0.446479,0.463819
KPC-1,CPE_5_plex,10,0.044065,0.0443013,0.0442754,0.044478,0.0445112,0.0446701,0.044732,0.0449729,0.0449233,0.0449575,0.0449619,0.0451634,0.0453558,0.0452297,0.0452595,0.0453597,0.0453494,0.0455032,0.0458675,0.0457815,0.0462115,0.0461551,0.0463489,0.0466816,0.0468915,0.0472049,0.0476601,0.0485469,0.0496368,0.0517475,0.0556536,0.0629107,0.0760772,0.0994511,0.137014,0.187164,0.240063,0.287631,0.329804,0.365309,0.395715,0.421762,0.442994,0.461012,0.476789
KPC-1,CPE_5_plex,100,0.048123,0.0490763,0.0497587,0.0500891,0.0502466,0.0503768,0.0506256,0.050836,0.0505596,0.05088,0.0508973,0.0509203,0.0509824,0.0511834,0.0511862,0.0513088,0.0511847,0.0513414,0.0514664,0.0516288,0.0516063,0.0518395,0.0520454,0.051994,0.0522023,0.052366,0.0525703,0.0534303,0.0543169,0.0561089,0.0594247,0.0659267,0.0779776,0.0988686,0.133349,0.180945,0.234074,0.283827,0.327317,0.364182,0.395533,0.421708,0.443355,0.462134,0.477714
KPC-1,CPE_5_plex,100,0.048434,0.0495136,0.0499024,0.0503622,0.0507124,0.0507387,0.0508882,0.050915,0.0512797,0.0513116,0.0513826,0.0515454,0.051709,0.0517445,0.0517845,0.0519768,0.0519799,0.0519978,0.0522112,0.0523386,0.0524703,0.0527765,0.052851,0.0532941,0.0534003,0.0538912,0.054812,0.0561644,0.0586311,0.0631738,0.071766,0.0875131,0.114599,0.15609,0.208431,0.260588,0.307822,0.348321,0.383432,0.413106,0.438359,0.460504,0.479263,0.495395,0.510233
KPC-1,CPE_5_plex,1000,0.0466828,0.0479671,0.0483267,0.0487628,0.049123,0.0489742,0.0490289,0.0491524,0.0492856,0.0493771,0.049304,0.0496777,0.0497084,0.0494479,0.0496685,0.0497431,0.0497251,0.0500435,0.0500939,0.0500831,0.0501614,0.05025,0.0505148,0.0509614,0.0515673,0.0525707,0.0546542,0.0585644,0.0657274,0.0795332,0.103141,0.140893,0.190028,0.24244,0.290154,0.331361,0.366625,0.396479,0.421334,0.442442,0.459763,0.474065,0.486192,0.496204,0.504899
KPC-1,CPE_5_plex,1000,0.0415947,0.0423411,0.0429284,0.0431328,0.043509,0.04364,0.0437395,0.0439472,0.0439105,0.0440251,0.0441613,0.0442565,0.0443841,0.0444102,0.0444212,0.0444325,0.0446877,0.0448104,0.0450059,0.0449981,0.0453374,0.045489,0.0459037,0.0467007,0.0475096,0.0494803,0.0532385,0.0596594,0.0715446,0.0930678,0.128386,0.176626,0.229691,0.278467,0.321552,0.358409,0.389445,0.415453,0.437816,0.456384,0.472243,0.485267,0.496822,0.506252,0.514171
KPC-1,CPE_5_plex,10000,0.0486944,0.0498446,0.0501195,0.0503884,0.0507697,0.0508671,0.0510422,0.0510596,0.0510718,0.0513438,0.0511917,0.0514489,0.0516426,0.0516342,0.0517341,0.0515701,0.0517851,0.0520019,0.05223,0.0521466,0.0524305,0.0526987,0.0536658,0.0547337,0.0573884,0.0620795,0.0711398,0.0881182,0.115914,0.157915,0.20826,0.25768,0.301395,0.340032,0.372018,0.39968,0.422595,0.441884,0.458071,0.471673,0.483073,0.493172,0.501054,0.507839,0.513281
KPC-1,CPE_5_plex,10000,0.044361,0.0455356,0.046067,0.0462448,0.0465711,0.0467279,0.0468737,0.0469759,0.0470548,0.0471331,0.0471847,0.047294,0.0473895,0.0476053,0.0476098,0.0477201,0.0476406,0.048045,0.0481247,0.0483868,0.0491788,0.0500345,0.0518981,0.0553,0.0615927,0.073527,0.0945572,0.128723,0.175296,0.2263,0.272639,0.313434,0.348454,0.377935,0.403168,0.424552,0.442652,0.458047,0.472085,0.483808,0.495734,0.50661,0.516346,0.526517,0.536386
KPC-1,CPE_5_plex,100000,0.044767,0.0457354,0.0462293,0.0464498,0.046761,0.0469105,0.0470274,0.0471001,0.0472405,0.0471104,0.0474681,0.0473833,0.047626,0.0476217,0.0475609,0.0478035,0.0481339,0.0485192,0.0491616,0.0498356,0.0521628,0.0558541,0.0626771,0.0758395,0.0987814,0.135432,0.184431,0.237094,0.284693,0.325907,0.360693,0.390342,0.415591,0.435436,0.452611,0.46719,0.479178,0.48897,0.498067,0.504569,0.510445,0.515612,0.519577,0.522471,0.525946
KPC-1,CPE_5_plex,100000,0.042769,0.0434111,0.0441309,0.0445043,0.0445549,0.044758,0.0449958,0.045089,0.0450464,0.0452619,0.0452433,0.0453412,0.0453957,0.045397,0.0455774,0.0457793,0.0460298,0.0465012,0.0474318,0.0490539,0.0523873,0.0583331,0.0693932,0.0892528,0.122069,0.16787,0.218083,0.26449,0.304839,0.339805,0.369048,0.394131,0.414338,0.431438,0.446268,0.458446,0.469139,0.477917,0.485162,0.491495,0.496912,0.501662,0.50572,0.508227,0.510564
KPC-1,CPE_5_plex,1000000,0.0434792,0.0435595,0.0435885,0.043892,0.044043,0.0442747,0.044301,0.044172,0.0445446,0.0444981,0.0447543,0.0446702,0.0451616,0.0454031,0.0457942,0.0469967,0.0487822,0.0525942,0.05941,0.0723475,0.0951856,0.131509,0.180116,0.231603,0.27791,0.31877,0.352591,0.381383,0.40561,0.425947,0.442402,0.457326,0.468937,0.478712,0.487111,0.494531,0.5009,0.506281,0.510515,0.515775,0.520535,0.524927,0.530353,0.535466,0.541851
KPC-1,CPE_5_plex,1000000,0.0405742,0.0407158,0.0409813,0.0410977,0.0412009,0.0412571,0.0414467,0.0415407,0.041586,0.0416899,0.0416868,0.0418302,0.0421685,0.0426509,0.0433843,0.0449045,0.0479403,0.0538935,0.0648174,0.0846027,0.117044,0.161775,0.210936,0.256303,0.296254,0.330475,0.359063,0.383092,0.403406,0.420697,0.435634,0.448163,0.458347,0.467448,0.474909,0.482196,0.488691,0.493688,0.498977,0.50487,0.509519,0.515203,0.521245,0.527122,0.533566
KPC-1,CPE_5_plex,10000000,0.0442481,0.0440171,0.0440338,0.0441321,0.0441261,0.0442992,0.0442853,0.0445234,0.0446684,0.044773,0.045181,0.0458205,0.0474909,0.0503558,0.0556625,0.0658904,0.0845991,0.116162,0.159964,0.210541,0.258117,0.299572,0.335036,0.364549,0.389572,0.410591,0.428207,0.44293,0.455039,0.465719,0.474164,0.481912,0.488371,0.493638,0.499139,0.504311,0.508928,0.514352,0.519411,0.525774,0.532695,0.539688,0.546438,0.55282,0.559392
KPC-1,CPE_5_plex,10000000,0.0400559,0.0403152,0.0404334,0.0406876,0.040926,0.0411221,0.0412453,0.0413961,0.0415101,0.0418454,0.0423537,0.0433252,0.0453526,0.0486766,0.0556667,0.0682712,0.0909307,0.126263,0.172453,0.22009,0.262982,0.30057,0.332456,0.358826,0.380892,0.399989,0.415483,0.42901,0.440326,0.449974,0.458813,0.4659,0.472038,0.477278,0.482634,0.488254,0.49342,0.498835,0.505015,0.511054,0.518292,0.52502,0.531518,0.538237,0.544294
NDM-1,CPE_5_plex,10,0.0432038,0.0434574,0.0435288,0.0437337,0.0439674,0.044102,0.0441652,0.0442937,0.0442619,0.0444809,0.0444632,0.0445823,0.0445847,0.0446981,0.0448398,0.0449962,0.0450284,0.0449128,0.045355,0.0452662,0.0452607,0.0455773,0.0455552,0.0457057,0.0460517,0.046132,0.0462845,0.0467561,0.0470255,0.0472621,0.0476047,0.0480272,0.0483526,0.0485797,0.0490816,0.0492468,0.049673,0.0500448,0.0501754,0.0504149,0.0506546,0.0507545,0.0510412,0.0509079,0.0510768
NDM-1,CPE_5_plex,10,0.0453192,0.0454313,0.0455095,0.0457933,0.0456666,0.0459372,0.0457314,0.0459292,0.045814,0.0459868,0.0460905,0.0461832,0.0462973,0.0461728,0.0462025,0.0461944,0.0465028,0.0466318,0.0468209,0.0467056,0.0469854,0.0471142,0.0473725,0.0473914,0.0476828,0.0477086,0.0481328,0.0484108,0.049346,0.0504668,0.0525834,0.0568206,0.0645796,0.0790794,0.10438,0.145781,0.202888,0.268328,0.329519,0.380418,0.420189,0.449455,0.470525,0.483944,0.492291
NDM-1,CPE_5_plex,100,0.0444007,0.0451752,0.0459633,0.0463258,0.0463381,0.0467473,0.0468547,0.0468968,0.0471144,0.0471387,0.0473611,0.047353,0.047487,0.0474794,0.0476426,0.0479646,0.0477673,0.0479477,0.0481102,0.0480886,0.0483026,0.0482878,0.0485794,0.0486945,0.049151,0.0499459,0.050651,0.0526213,0.0557731,0.0620101,0.073487,0.0941434,0.12889,0.179641,0.241426,0.302699,0.356679,0.400548,0.433894,0.457769,0.473376,0.482989,0.488485,0.491121,0.492871
NDM-1,CPE_5_plex,100,0.0436289,0.0448554,0.0453733,0.0457614,0.0458188,0.0460481,0.046231,0.0463978,0.0463711,0.0465137,0.0463513,0.0465334,0.0467208,0.0469121,0.046801,0.0470028,0.047056,0.0471162,0.0474081,0.0474324,0.0474367,0.0476706,0.0480984,0.0484416,0.0496738,0.0513052,0.054809,0.0616078,0.0737648,0.0957675,0.131438,0.182458,0.242257,0.298552,0.346417,0.384403,0.412188,0.432121,0.445078,0.453189,0.457809,0.460572,0.463132,0.464074,0.465681
NDM-1,CPE_5_plex,1000,0.0454764,0.0463544,0.0469765,0.0471523,0.047279,0.0475558,0.0476071,0.0476669,0.0476027,0.0479265,0.0479969,0.0480936,0.0483518,0.0481462,0.0484627,0.0484168,0.0485064,0.0485957,0.0486207,0.0489875,0.0490313,0.0494873,0.0498452,0.0507086,0.0522783,0.0549184,0.0600933,0.0692543,0.0865615,0.11524,0.159348,0.215051,0.27316,0.326193,0.369901,0.405104,0.430997,0.448402,0.45959,0.465676,0.468701,0.471412,0.472385,0.473498,0.474544
NDM-1,CPE_5_plex,1000,0.0445977,0.0457545,0.0461845,0.0464188,0.0467014,0.0469242,0.0469125,0.0470379,0.0473098,0.0473319,0.0474427,0.0476879,0.0478086,0.0476885,0.0477538,0.0479168,0.0479473,0.0482098,0.0482346,0.0484809,0.0485589,0.0492998,0.050057,0.0516576,0.0545585,0.0599162,0.0699126,0.0879876,0.119139,0.164787,0.222127,0.27962,0.330316,0.370442,0.401489,0.424071,0.439505,0.449311,0.45505,0.457815,0.460274,0.461855,0.462943,0.463871,0.464974
NDM-1,CPE_5_plex,10000,0.0449924,0.0457944,0.0461927,0.0466594,0.0468337,0.0470721,0.0470891,0.0472218,0.0473518,0.0474733,0.0475795,0.0476448,0.0476884,0.0477762,0.0479797,0.0480399,0.0482255,0.0484194,0.0487549,0.0491478,0.0502688,0.0520725,0.0554334,0.061873,0.0738203,0.0950264,0.130357,0.18183,0.243885,0.305473,0.359581,0.403428,0.43772,0.462049,0.478131,0.487688,0.493608,0.496768,0.499101,0.50028,0.502366,0.50323,0.505174,0.505998,0.507595
NDM-1,CPE_5_plex,10000,0.0497954,0.050692,0.0509638,0.0511515,0.0514992,0.0514991,0.0516689,0.0517933,0.0518478,0.051842,0.0520276,0.0522054,0.0521669,0.0523141,0.0523151,0.0525042,0.0528324,0.0531181,0.0537571,0.0549988,0.0572503,0.0613234,0.0693209,0.0837752,0.109593,0.150298,0.204331,0.264751,0.319323,0.36513,0.40081,0.427412,0.446484,0.457921,0.46553,0.470249,0.473659,0.475886,0.477733,0.47848,0.479938,0.481674,0.483069,0.484716,0.485589
NDM-1,CPE_5_plex,100000,0.0491972,0.050435,0.0511731,0.0515384,0.0518428,0.0520808,0.0522721,0.052445,0.0526982,0.0526692,0.0529298,0.0529087,0.0530117,0.0531974,0.0534827,0.0540826,0.0544826,0.0557353,0.0580337,0.0617779,0.0690277,0.0825939,0.106227,0.144667,0.198258,0.259185,0.31852,0.368678,0.409521,0.440137,0.461999,0.47623,0.483897,0.489103,0.492323,0.494217,0.495946,0.497801,0.49946,0.50095,0.502691,0.504356,0.50542,0.506606,0.508194
NDM-1,CPE_5_plex,100000,0.0440888,0.0446914,0.0450817,0.0453866,0.0455257,0.0459447,0.0459193,0.0461958,0.0462556,0.0464684,0.0464893,0.0465095,0.0468386,0.0468832,0.047338,0.0480821,0.0490879,0.0513549,0.0559511,0.0638369,0.0788936,0.105108,0.146621,0.202592,0.263588,0.319038,0.364674,0.399901,0.425684,0.443769,0.455219,0.462308,0.466944,0.469184,0.471401,0.47381,0.475237,0.476801,0.478281,0.479739,0.481182,0.482868,0.48429,0.485774,0.487484
NDM-1,CPE_5_plex,1000000,0.0413214,0.0421257,0.0426106,0.0431915,0.0432963,0.0434427,0.0436451,0.0437372,0.0439477,0.044067,0.0441891,0.0442934,0.0450865,0.0457892,0.0473902,0.0504818,0.0568094,0.0683312,0.0882824,0.122418,0.171467,0.230786,0.288372,0.339012,0.378784,0.410087,0.432215,0.446519,0.455703,0.461756,0.465021,0.468103,0.469916,0.472031,0.474221,0.475963,0.477668,0.479047,0.481173,0.483032,0.484926,0.486888,0.488391,0.4902,0.492156
NDM-1,CPE_5_plex,1000000,0.0429816,0.0432073,0.0436869,0.043834,0.0443224,0.0442617,0.0443307,0.0446619,0.0446795,0.0448615,0.0451857,0.0457025,0.0463112,0.047737,0.0501893,0.0550865,0.0643841,0.0812773,0.110579,0.154973,0.212503,0.272252,0.325319,0.367992,0.401058,0.424947,0.441059,0.451915,0.458585,0.462381,0.465603,0.46805,0.470183,0.471556,0.473363,0.475719,0.477396,0.478995,0.480946,0.482617,0.484843,0.48664,0.488856,0.490003,0.492411
NDM-1,CPE_5_plex,10000000,0.0440584,0.0446616,0.0452635,0.0458575,0.0459666,0.046399,0.0465911,0.0469375,0.0471925,0.0480455,0.0492465,0.05187,0.0566058,0.065453,0.0818379,0.110076,0.153363,0.210062,0.270028,0.323696,0.367594,0.400635,0.423957,0.439248,0.450786,0.456807,0.458324,0.462342,0.463749,0.46562,0.464344,0.470239,0.472601,0.474998,0.477329,0.479642,0.48179,0.483837,0.485952,0.487739,0.489624,0.491966,0.495264,0.497256,0.499334
NDM-1,CPE_5_plex,10000000,0.0435868,0.0446144,0.0449631,0.0453783,0.0457091,0.0457837,0.0462123,0.0467724,0.0470918,0.0481014,0.0497828,0.0529826,0.0591285,0.0705435,0.0910847,0.125178,0.172923,0.229277,0.283342,0.329007,0.365851,0.393668,0.413166,0.426583,0.435265,0.441213,0.445235,0.447877,0.450524,0.453086,0.455404,0.457398,0.459152,0.461502,0.463766,0.465628,0.467369,0.469258,0.471365,0.472775,0.474722,0.476448,0.478169,0.479804,0.481851
OXA-48,CPE_5_plex,10,0.0417218,0.0421204,0.0426665,0.0431419,0.0433279,0.0435845,0.0437699,0.0439649,0.0440777,0.0442032,0.0445621,0.0445349,0.0447634,0.0445587,0.0448435,0.044845,0.0449773,0.0450753,0.0453192,0.0453333,0.0454386,0.0455241,0.0456147,0.0456631,0.0458995,0.0461182,0.0460626,0.0461318,0.0460886,0.0461725,0.0464592,0.0464446,0.0465641,0.0466218,0.0468925,0.0472855,0.0471367,0.0471624,0.047504,0.0474162,0.0475228,0.0476877,0.0478973,0.0479262,0.0479139
OXA-48,CPE_5_plex,10,0.0450836,0.0459238,0.0467562,0.0471549,0.047359,0.0477625,0.0477667,0.0480362,0.0480741,0.0483209,0.0482004,0.0484332,0.048544,0.0484937,0.0487423,0.0485844,0.0487275,0.0491178,0.0491327,0.0490893,0.0491854,0.0492289,0.0492514,0.0493657,0.0493778,0.0496009,0.0497927,0.0497013,0.0496402,0.0498353,0.0498223,0.0498769,0.0500836,0.0502268,0.0502155,0.0503796,0.0505103,0.0506138,0.0507838,0.0509153,0.0509496,0.0510553,0.0512266,0.0510575,0.051212
OXA-48,CPE_5_plex,100,0.0492957,0.0501358,0.0507446,0.0509414,0.0509726,0.0513964,0.0512653,0.0514727,0.0516036,0.0516054,0.0516549,0.0519159,0.052172,0.0520851,0.052204,0.0522235,0.0523184,0.0525564,0.0524963,0.05257,0.0528038,0.0530386,0.0529714,0.0530586,0.0533761,0.0534311,0.0536599,0.0537054,0.053913,0.0541354,0.0543475,0.0547247,0.0549172,0.0550913,0.0551757,0.0554128,0.0556815,0.055725,0.0558741,0.0560767,0.0561507,0.0562585,0.0563613,0.056599,0.0564744
OXA-48,CPE_5_plex,100,0.0465475,0.047832,0.0485295,0.0488306,0.049135,0.0493328,0.0494046,0.0495664,0.049771,0.0499942,0.0499034,0.0501479,0.05006,0.0503094,0.0502826,0.050608,0.0506231,0.0505412,0.0507287,0.0508138,0.0509952,0.0511532,0.0510759,0.0512484,0.0512175,0.0513904,0.0516274,0.0516672,0.0518137,0.0524399,0.0529924,0.0543366,0.0565519,0.0609238,0.0688405,0.0834496,0.107937,0.145037,0.190771,0.237234,0.279536,0.317241,0.349253,0.376347,0.398523
OXA-48,CPE_5_plex,1000,0.0462266,0.047237,0.0474829,0.0477663,0.0482114,0.0484428,0.0486336,0.048626,0.0487577,0.0487251,0.048847,0.0488958,0.0490587,0.0492094,0.0493427,0.0493044,0.0493921,0.0493702,0.0494121,0.0496056,0.0498187,0.0496768,0.0499596,0.0501686,0.0503048,0.0505313,0.050995,0.0518817,0.0533809,0.0559036,0.0607633,0.0697969,0.0862618,0.113871,0.154025,0.20231,0.250447,0.293935,0.331533,0.364005,0.391282,0.414162,0.433161,0.448985,0.461869
OXA-48,CPE_5_plex,1000,0.0446549,0.045769,0.0464791,0.0468551,0.0470317,0.0473864,0.0475288,0.0475893,0.0476223,0.0476182,0.0479224,0.0479333,0.0479097,0.0480455,0.0482892,0.0484372,0.0482581,0.0485687,0.0486166,0.0485558,0.0487346,0.0488116,0.0490768,0.0493873,0.0494704,0.0504537,0.0516907,0.0538825,0.0582734,0.0662247,0.0806489,0.105083,0.141708,0.186493,0.232536,0.274432,0.311185,0.34344,0.370306,0.393383,0.412286,0.42765,0.441736,0.453014,0.462373
OXA-48,CPE_5_plex,10000,0.0526375,0.0536363,0.0541515,0.0542612,0.0547876,0.0547217,0.054931,0.0550561,0.0548966,0.055103,0.0553215,0.0555181,0.0554548,0.0556598,0.0555697,0.0557726,0.0556553,0.0559527,0.0561398,0.0562005,0.0565186,0.0567518,0.0573663,0.0585481,0.0604169,0.06356,0.0700155,0.0810498,0.100619,0.131297,0.171684,0.215731,0.258258,0.296677,0.331259,0.360989,0.386719,0.408646,0.42788,0.443791,0.457571,0.468637,0.478585,0.486818,0.493901
OXA-48,CPE_5_plex,10000,0.044641,0.0470795,0.0479793,0.0483899,0.0485752,0.0488874,0.0491378,0.0492027,0.049368,0.0493199,0.0496407,0.0495478,0.0497488,0.0496832,0.0496205,0.0500244,0.0499885,0.0502402,0.0506105,0.0506588,0.0509897,0.0514764,0.052686,0.0544636,0.0574284,0.0636235,0.074079,0.0933218,0.124761,0.168573,0.218893,0.266957,0.309583,0.346859,0.378477,0.405286,0.428126,0.446158,0.461561,0.475058,0.485413,0.493973,0.501392,0.506892,0.511842
OXA-48,CPE_5_plex,100000,0.0427596,0.0435367,0.043847,0.0442702,0.0444582,0.0448396,0.0448405,0.0450121,0.0452181,0.0452018,0.0454988,0.045533,0.0455147,0.0456587,0.0457932,0.0459603,0.0459396,0.0462718,0.0467504,0.047038,0.047983,0.0492376,0.0515695,0.0560086,0.0643782,0.0792802,0.104416,0.142092,0.187458,0.233238,0.274744,0.310492,0.341907,0.367621,0.389274,0.407299,0.422201,0.434199,0.444457,0.452534,0.459365,0.465432,0.469967,0.473454,0.476059
OXA-48,CPE_5_plex,100000,0.0427567,0.0439643,0.0444067,0.0448229,0.0451112,0.0452966,0.0454361,0.045514,0.045668,0.0456903,0.0458074,0.0459636,0.0462794,0.0462757,0.0464721,0.0466239,0.0467429,0.0473135,0.047866,0.0485416,0.04962,0.0516249,0.0554934,0.0623263,0.0746464,0.095927,0.129624,0.173922,0.221138,0.265224,0.304104,0.33786,0.366183,0.389788,0.409898,0.426677,0.440105,0.452003,0.462147,0.469517,0.475951,0.481459,0.48604,0.489375,0.491517
OXA-48,CPE_5_plex,1000000,0.0431871,0.0439224,0.0443353,0.0446919,0.0450104,0.0453273,0.0455934,0.0454288,0.0456736,0.0459202,0.0460234,0.0461619,0.0461762,0.0463115,0.0465085,0.0469377,0.0474523,0.0482686,0.0503935,0.0533404,0.0594114,0.0704393,0.0904183,0.12284,0.16785,0.219576,0.268572,0.312905,0.350337,0.382708,0.409824,0.432123,0.450727,0.465814,0.478793,0.489141,0.497829,0.505491,0.511241,0.515933,0.519651,0.523293,0.525671,0.527768,0.529393
OXA-48,CPE_5_plex,1000000,0.0431948,0.044411,0.0450119,0.045429,0.0456318,0.0458287,0.0461657,0.0462339,0.0462799,0.0465815,0.0466981,0.0467025,0.0470561,0.0471733,0.0473984,0.0480106,0.0486687,0.050016,0.0526083,0.0575298,0.0664402,0.0821806,0.108922,0.148314,0.194696,0.242268,0.284927,0.322291,0.354773,0.381749,0.403949,0.423306,0.439215,0.452104,0.46299,0.472334,0.480333,0.486655,0.491895,0.495887,0.499608,0.50233,0.505269,0.507687,0.510401
OXA-48,CPE_5_plex,10000000,0.0433007,0.0439765,0.0445012,0.0446529,0.0452045,0.0453357,0.0453951,0.045607,0.0457442,0.0457549,0.0459312,0.0464012,0.0466646,0.0472981,0.0486461,0.0511999,0.0556913,0.0640416,0.0791616,0.104754,0.143702,0.19077,0.239793,0.283547,0.321948,0.355184,0.382682,0.406309,0.425582,0.441665,0.455089,0.466244,0.475289,0.48317,0.489597,0.49496,0.499169,0.502523,0.505551,0.507789,0.51018,0.512002,0.513317,0.514403,0.515653
OXA-48,CPE_5_plex,10000000,0.0422026,0.0432774,0.0438525,0.044211,0.0447724,0.044916,0.045138,0.0453839,0.0472574,0.0474248,0.0477411,0.0482523,0.0488307,0.0501044,0.0522202,0.0562755,0.0636268,0.076847,0.099621,0.134776,0.179201,0.2254,0.269042,0.30729,0.340313,0.368842,0.392554,0.412934,0.429835,0.444518,0.456002,0.46591,0.474323,0.481499,0.487161,0.492011,0.496366,0.499992,0.503396,0.506645,0.510083,0.514127,0.52012,0.528188,0.539217
VIM-1,CPE_5_plex,10,0.0465276,0.0465223,0.0469722,0.0470871,0.0472755,0.0476052,0.0476622,0.0478692,0.0480026,0.0481313,0.0482975,0.04843,0.0483591,0.0483489,0.0486194,0.0485556,0.04873,0.0488758,0.0489564,0.0490012,0.0490678,0.0492362,0.0493523,0.0494847,0.0495593,0.0497097,0.0498579,0.0500469,0.0504695,0.0510417,0.0518691,0.0530348,0.0555946,0.0598869,0.0678732,0.0824204,0.107391,0.145543,0.194142,0.244638,0.290568,0.330148,0.362389,0.389177,0.41047
VIM-1,CPE_5_plex,10,0.0528153,0.0530085,0.0532746,0.0536561,0.0538215,0.0539614,0.054374,0.0542662,0.0544117,0.0545365,0.0544296,0.0545069,0.0549292,0.0546828,0.0546878,0.0546738,0.054932,0.0551899,0.0552447,0.0553554,0.055467,0.0553214,0.0556258,0.0558481,0.0560702,0.0561257,0.0564379,0.0567843,0.0573079,0.0578096,0.0587749,0.0598043,0.0621023,0.0664527,0.0740208,0.0877725,0.111919,0.149503,0.198426,0.251033,0.298707,0.340142,0.373882,0.401617,0.423847
VIM-1,CPE_5_plex,100,0.04759,0.047806,0.0478511,0.04795,0.0480347,0.0481839,0.0482122,0.0484116,0.0482181,0.0483785,0.0484348,0.0485705,0.0484838,0.0485521,0.0486373,0.0486654,0.0486941,0.0488093,0.0489488,0.0488923,0.0489718,0.0490025,0.049272,0.0493537,0.0493986,0.0497835,0.0499847,0.0504111,0.0509776,0.0519245,0.0536539,0.0572284,0.0637103,0.0752611,0.0955671,0.128756,0.175333,0.228472,0.279264,0.323469,0.360958,0.391017,0.415574,0.435646,0.45048
VIM-1,CPE_5_plex,100,0.0475455,0.0480755,0.0482131,0.0484945,0.0485937,0.0485223,0.0488073,0.0489286,0.0489148,0.0490078,0.0491482,0.0492094,0.049277,0.0492006,0.0494403,0.0493963,0.0493269,0.0494898,0.0495867,0.0495674,0.0495947,0.0497409,0.0498956,0.0499901,0.0499932,0.0502849,0.0503527,0.050754,0.0512921,0.052047,0.053297,0.0554554,0.0598905,0.0677482,0.0818491,0.106557,0.144484,0.194246,0.247325,0.295757,0.337729,0.372051,0.40046,0.423078,0.441329
VIM-1,CPE_5_plex,1000,0.0424676,0.0424091,0.0425059,0.0425908,0.042714,0.0429093,0.0431349,0.0430668,0.0430991,0.0430395,0.0432232,0.0433498,0.0432863,0.0434231,0.0435505,0.0435945,0.0436307,0.043672,0.0437601,0.0437657,0.0438309,0.0439815,0.0441177,0.0443181,0.044397,0.0450913,0.0454709,0.0468218,0.0489794,0.0530899,0.0607114,0.0745886,0.0982966,0.134536,0.181416,0.231431,0.27649,0.316136,0.349096,0.376052,0.397851,0.415516,0.429874,0.440723,0.449836
VIM-1,CPE_5_plex,1000,0.0444515,0.0447349,0.0449471,0.0453858,0.0455495,0.0456983,0.0459737,0.0459931,0.0463179,0.0461811,0.0461978,0.0462977,0.0463818,0.0462538,0.0463967,0.0465714,0.046627,0.0466386,0.0466921,0.0467032,0.0468279,0.0467698,0.0469103,0.0472416,0.0474407,0.0478658,0.048807,0.0503647,0.0536798,0.0595198,0.0702396,0.0893606,0.119915,0.16037,0.205576,0.248425,0.28611,0.318302,0.3453,0.366923,0.385197,0.400087,0.411923,0.421535,0.428812
VIM-1,CPE_5_plex,10000,0.0430842,0.0438656,0.0442969,0.0445896,0.0449469,0.0451446,0.045357,0.0453556,0.0456704,0.0454284,0.0457505,0.0456107,0.0458816,0.0460557,0.0458677,0.0460909,0.0462477,0.0461819,0.0462676,0.0463261,0.0465767,0.0467501,0.0473876,0.0480783,0.0496127,0.0524901,0.0577591,0.067904,0.086035,0.116354,0.160416,0.213675,0.266184,0.313298,0.353378,0.386094,0.412786,0.434201,0.451145,0.464134,0.474885,0.483622,0.490473,0.496322,0.500955
VIM-1,CPE_5_plex,10000,0.0493627,0.0503169,0.0508109,0.0511856,0.0513191,0.0513395,0.0515144,0.0515997,0.0516154,0.0516923,0.0517395,0.0519405,0.0519859,0.0519547,0.0520015,0.0521263,0.0522872,0.0522956,0.0526139,0.0527865,0.0530856,0.0534261,0.0543762,0.056128,0.0596504,0.0657946,0.0773586,0.0975785,0.130658,0.177152,0.230819,0.282497,0.328298,0.366658,0.397989,0.424314,0.444449,0.46113,0.474044,0.484782,0.493246,0.500426,0.505699,0.510561,0.515048
VIM-1,CPE_5_plex,100000,0.0412865,0.0416837,0.0421542,0.0425135,0.0428367,0.0430681,0.043149,0.0432648,0.0432692,0.0434112,0.0435589,0.0437972,0.0437807,0.0437543,0.0439573,0.0441886,0.0443798,0.0449971,0.0460329,0.0477939,0.0515293,0.0582061,0.0707039,0.0924901,0.127324,0.174489,0.227366,0.276859,0.320769,0.356555,0.386652,0.411133,0.430935,0.446563,0.459535,0.469384,0.477751,0.484764,0.490762,0.495662,0.500325,0.504232,0.508207,0.511287,0.514668
VIM-1,CPE_5_plex,100000,0.044526,0.0454671,0.0458367,0.046129,0.0464493,0.0467708,0.0467577,0.0468743,0.0471042,0.0469655,0.0472809,0.0473706,0.0473921,0.0475137,0.0476312,0.0477997,0.0481778,0.0490972,0.0505056,0.0532519,0.0583761,0.0676416,0.0844367,0.113067,0.155512,0.208241,0.261919,0.310237,0.351687,0.385946,0.413809,0.436135,0.454252,0.468419,0.479511,0.489025,0.497512,0.503651,0.509012,0.5133,0.518106,0.522729,0.525703,0.529021,0.531417
VIM-1,CPE_5_plex,1000000,0.0417867,0.0421202,0.0423314,0.0425153,0.0427928,0.0429649,0.0430506,0.0432175,0.0432525,0.0433501,0.0434497,0.0434297,0.0437352,0.0438021,0.044274,0.0450558,0.0464602,0.0491138,0.0544969,0.0640588,0.0815343,0.110445,0.153047,0.2052,0.257781,0.305635,0.346149,0.379711,0.407363,0.429918,0.448055,0.462808,0.474605,0.484121,0.492015,0.49875,0.504384,0.509404,0.513584,0.51823,0.52159,0.525002,0.528262,0.530634,0.533509
VIM-1,CPE_5_plex,1000000,0.0402466,0.0402944,0.0405215,0.0408424,0.0410177,0.0412392,0.0414263,0.0416579,0.0415967,0.0419467,0.0418519,0.0421277,0.0422435,0.0426026,0.0431416,0.0441368,0.0459398,0.0495511,0.0561685,0.0682422,0.0894316,0.122705,0.168034,0.218505,0.266604,0.309046,0.344808,0.374193,0.397969,0.417431,0.433264,0.446265,0.456594,0.465129,0.472474,0.478213,0.483178,0.487325,0.491584,0.495625,0.498365,0.501909,0.504492,0.507164,0.509797
VIM-1,CPE_5_plex,10000000,0.0359942,0.0358805,0.0361776,0.0360245,0.0360706,0.0362204,0.0361326,0.0362896,0.0365002,0.036842,0.0371477,0.0377606,0.0390955,0.0415262,0.0461844,0.0546039,0.0700224,0.0953269,0.131452,0.174525,0.218321,0.258033,0.292499,0.321328,0.345069,0.364793,0.381009,0.395101,0.406114,0.415134,0.422864,0.429498,0.434793,0.439964,0.444193,0.448316,0.451687,0.455125,0.4588,0.46289,0.466544,0.471277,0.47652,0.481772,0.487694
VIM-1,CPE_5_plex,10000000,0.0360507,0.0360995,0.0363245,0.0365455,0.0367509,0.0369725,0.0370028,0.0372067,0.0374248,0.0376704,0.037936,0.0388465,0.0402361,0.043026,0.0478292,0.0571742,0.0734761,0.100306,0.13774,0.181662,0.225501,0.265498,0.299643,0.328568,0.352322,0.372333,0.388786,0.40185,0.413074,0.422824,0.430627,0.437032,0.442747,0.447472,0.451603,0.455461,0.459146,0.462146,0.464769,0.467264,0.469753,0.47232,0.47425,0.475889,0.477891
NTC,CPE_5_plex,0,0.0364616,0.0363786,0.0364211,0.0365039,0.0366317,0.0366385,0.0366947,0.0366051,0.0369057,0.0369468,0.0370958,0.03703,0.0372754,0.0370984,0.0374402,0.0374907,0.0377935,0.0378409,0.038165,0.0383202,0.0385067,0.0388404,0.0389294,0.0390631,0.0395184,0.0396119,0.0396907,0.0397706,0.0398787,0.040294,0.0403846,0.0405564,0.0406802,0.0407299,0.0411103,0.0412271,0.0411562,0.0415187,0.0416618,0.041911,0.0419891,0.042141,0.0424914,0.0424898,0.0427798
NTC,CPE_5_plex,0,0.0430253,0.0434323,0.0435176,0.0437419,0.043957,0.0439907,0.0441732,0.0442823,0.0444117,0.0444054,0.044546,0.044515,0.0447575,0.0447918,0.0450228,0.0451622,0.0453634,0.0454259,0.0456983,0.0457986,0.0460598,0.0462642,0.0465051,0.0467147,0.0469057,0.0468421,0.0470259,0.0472325,0.0472128,0.04745,0.047673,0.0475237,0.0476765,0.0476683,0.0478754,0.0478548,0.0480636,0.0480327,0.048305,0.0485727,0.048589,0.0487846,0.0489298,0.0489998,0.0491786
NTC,CPE_5_plex,0,0.0444112,0.0445366,0.0448166,0.0446609,0.0450239,0.0450717,0.0452564,0.0454159,0.0454749,0.0453398,0.0455089,0.0454632,0.0459034,0.0458823,0.0460685,0.0460447,0.0460644,0.0463666,0.0465442,0.0466371,0.0468014,0.0468888,0.047251,0.0472066,0.0473631,0.0473426,0.0474593,0.0477967,0.0476935,0.0479237,0.0478918,0.0481275,0.0482028,0.0482836,0.0484093,0.0485869,0.0483782,0.0485557,0.0486264,0.0488869,0.04887,0.0490973,0.0493789,0.049237,0.049398
NTC,CPE_5_plex,0,0.0378802,0.0380384,0.0383108,0.0384833,0.0386191,0.0386561,0.0387896,0.0389379,0.0390948,0.0390838,0.0393708,0.0394262,0.0393308,0.0395329,0.0395178,0.0396427,0.0397241,0.0398721,0.0399856,0.0402534,0.0404151,0.0403885,0.0408793,0.0409994,0.0411485,0.0414835,0.0415263,0.0417943,0.0419281,0.0422804,0.0423073,0.0426758,0.0429591,0.0428944,0.0433765,0.0434784,0.0438243,0.044002,0.0442716,0.0443739,0.0447445,0.0448373,0.0449259,0.045038,0.0451841
NTC,CPE_5_plex,0,0.0421042,0.0432496,0.0436159,0.0440697,0.0443429,0.0445717,0.0449287,0.0449228,0.0451662,0.0452565,0.0452839,0.0454985,0.0456156,0.0458479,0.0456391,0.0459333,0.0459299,0.046208,0.0465913,0.0469678,0.0472192,0.0475712,0.047524,0.0478127,0.0480687,0.0484516,0.0485623,0.0486128,0.0488516,0.0489993,0.0493391,0.0493322,0.0496496,0.0497239,0.0498703,0.0501117,0.0502191,0.0503388,0.05056,0.0507566,0.0508256,0.0508812,0.0511072,0.051174,0.0511904
NTC,CPE_5_plex,0,0.0403079,0.0409973,0.0418009,0.0420235,0.0425011,0.0426558,0.0430189,0.0429241,0.0430823,0.0431582,0.0432821,0.0434024,0.0436992,0.0436596,0.0437685,0.0438659,0.0440961,0.0440507,0.0442878,0.0445503,0.0449572,0.0449234,0.0453746,0.0456098,0.0457445,0.0460917,0.0462025,0.0463058,0.0465559,0.0466537,0.0470036,0.0470045,0.047064,0.0474023,0.0476299,0.0478364,0.0480652,0.0481192,0.0485961,0.0485509,0.048823,0.0488574,0.0489889,0.0489999,0.0492195
NTC,CPE_5_plex,0,0.0447756,0.0458511,0.0463312,0.0468882,0.0468656,0.0472335,0.0473983,0.0475371,0.0476916,0.0479844,0.0479339,0.048235,0.0482473,0.0485138,0.0486765,0.0489864,0.0490412,0.0494616,0.0497395,0.0501227,0.0499784,0.049709,0.0494945,0.0495939,0.0497821,0.0491272,0.0489443,0.049393,0.049828,0.0505017,0.0505762,0.0510506,0.0510654,0.0513188,0.0512881,0.051483,0.0517686,0.0517813,0.0519486,0.0521976,0.0522016,0.0523196,0.0523998,0.0523753,0.0524826
NTC,CPE_5_plex,0,0.0418325,0.0429235,0.043365,0.0436793,0.0440247,0.0441556,0.0443718,0.0445469,0.0445518,0.0448864,0.0447697,0.0449405,0.0450439,0.0452996,0.0453469,0.0455872,0.045851,0.0459724,0.0463038,0.0463835,0.0466773,0.0468049,0.0468454,0.0470962,0.0473205,0.0472854,0.0476532,0.0477711,0.0478525,0.0477313,0.0480681,0.0480099,0.0484069,0.0485044,0.0485952,0.0487623,0.0487077,0.0488718,0.0489054,0.048983,0.0490169,0.0490171,0.0490773,0.0492116,0.0492179
NTC,CPE_5_plex,0,0.0399191,0.040646,0.0412017,0.0416186,0.0419531,0.0421081,0.0424465,0.0425417,0.0426631,0.042938,0.0429442,0.0431571,0.043257,0.0432653,0.0434041,0.043628,0.0438885,0.0440481,0.0442866,0.0447332,0.04483,0.0450755,0.0453916,0.045645,0.0457357,0.0459966,0.0461465,0.0460635,0.0462167,0.0464913,0.0465953,0.046764,0.0469261,0.0469892,0.0471792,0.0473205,0.0473185,0.04757,0.0475135,0.0476628,0.0478713,0.0478168,0.0480582,0.0479145,0.0479919
NTC,CPE_5_plex,0,0.0398213,0.0409482,0.0416308,0.0420159,0.0424071,0.0426594,0.0431325,0.0430185,0.0434065,0.0434959,0.0435712,0.0439499,0.043748,0.0440321,0.0441647,0.0444173,0.0445237,0.0446692,0.0448878,0.0449644,0.0452789,0.0453887,0.0455519,0.0458002,0.04595,0.0459123,0.0461137,0.0462728,0.0463397,0.0464182,0.0467558,0.0467137,0.0469586,0.0470116,0.0471038,0.0473119,0.0473908,0.0473479,0.0474428,0.0475131,0.0476883,0.0477007,0.0475715,0.0477299,0.0477014